{"accuracy": [0.5350114703178406, 0.5793135166168213, 0.7505720853805542, 0.8637070655822754, 0.8909839987754822, 0.904164731502533, 0.9270480275154114, 0.9358352422714233, 0.9643020629882812, 0.9696109890937805, 0.9822425842285156, 0.9882837533950806, 0.9883753061294556], "loss": [0.8390040397644043, 0.7225627899169922, 0.46881914138793945, 0.2887560725212097, 0.22396151721477509, 0.191453754901886, 0.1529940962791443, 0.13992302119731903, 0.08809978514909744, 0.07810810208320618, 0.04808207228779793, 0.031486913561820984, 0.03099694848060608], "val_accuracy": [0.6666666865348816, 0.6666666865348816, 0.6666666865348816, 0.31578946113586426, 0.7368420958518982, 0.7719298005104065, 0.8771929740905762, 0.8421052694320679, 0.859649121761322, 0.9473684430122375, 0.859649121761322, 0.7719298005104065, 0.8947368264198303], "val_loss": [0.6497460007667542, 0.6438146233558655, 0.7038649320602417, 0.7800253033638, 0.5479812026023865, 0.4542424976825714, 0.4210095703601837, 0.40701916813850403, 0.3945883512496948, 0.223674476146698, 0.30323919653892517, 0.6171374320983887, 0.24797412753105164]}